<?xml version="1.0"?>
<SaveHistoryCase Text="CaseFilePath">
  <CaseFilePath>E:\workDoc\test\CMG-TEST\spevw5_xx.dxx</CaseFilePath>
  <CaseFilePath>E:\workDoc\test\CMG-TEST\spevw5pt9v16k_xx.dxx</CaseFilePath>
  <CaseFilePath>E:\workDoc\test\Spevw5p916k.DXX</CaseFilePath>
  <CaseFilePath>E:\workDoc\test\CMG-TEST\sttst14_xx.dxx</CaseFilePath>
  <CaseFilePath>E:\workDoc\test\spe5c10x10co2-ogw-flash_xx.dxx</CaseFilePath>
  <CaseFilePath>E:\workDoc\test\spe3_gmflu001ez_xx.dxx</CaseFilePath>
  <CaseFilePath>E:\workDoc\test\SPE3C10.dxx</CaseFilePath>
  <CaseFilePath>C:\Users\Administrator\Desktop\mxspe001_xx.dxx</CaseFilePath>
  <CaseFilePath>E:\workDoc\test\test.dxx</CaseFilePath>
  <CaseFilePath>E:\workDoc\test\mxspe002_xx.dxx</CaseFilePath>
  <CaseFilePath>E:\workDoc\test\CMG-TEST\comp4_xx.dxx</CaseFilePath>
  <CaseFilePath>E:\workDoc\test\CMG-TEST\spe5c10106dxy100_xx.dxx</CaseFilePath>
  <CaseFilePath>E:\workDoc\test\stspe001_xx.dxx</CaseFilePath>
  <CaseFilePath>E:\workDoc\test\mxspe001_xx.dxx</CaseFilePath>
  <CaseFilePath>E:\workDoc\test\CMG-TEST\losf_stars8c2pc_xx.dxx</CaseFilePath>
  <CaseFilePath>E:\workDoc\test\CMG-TEST\losf8c.dxx</CaseFilePath>
  <CaseFilePath>E:\workDoc\test\CMG-TEST\comp4ez_xx.dxx</CaseFilePath>
  <CaseFilePath>E:\workDoc\test\spe5c10106co2p_xx.dxx</CaseFilePath>
  <CaseFilePath>E:\test\Compositional\3phase-WOG-flash\SPE5C10X10X6wog-co2-flood.dxx</CaseFilePath>
  <CaseFilePath>E:\workDoc\test\CMG-TEST\sttst14\sttst14_corner_xx.dxx</CaseFilePath>
  <CaseFilePath>E:\workDoc\test\CMG-TEST\spe5c40x40x6co2_xx.dxx</CaseFilePath>
  <CaseFilePath>E:\workDoc\test\CMG-TEST\mxspe001_xx.dxx</CaseFilePath>
  <CaseFilePath>E:\workDoc\test\CMG-TEST\losf_a281_8c2pc_visctble_xx.dxx</CaseFilePath>
  <CaseFilePath>E:\workDoc\Eamon\2017-10-23\K2_CASE23D_1H\K2_CASE23D_1H_xx.dxx</CaseFilePath>
  <CaseFilePath>E:\workDoc\test\ENDSCALE_xx.dxx</CaseFilePath>
  <CaseFilePath>E:\workDoc\test\METRIC_7C_xx.dxx</CaseFilePath>
  <CaseFilePath>E:\workDoc\test\SPE1_Eclipse_xx.dxx</CaseFilePath>
  <CaseFilePath>E:\workDoc\test\SPE2_xx.dxx</CaseFilePath>
  <CaseFilePath>E:\workDoc\test\SPE3_EZ0_BUG_xx.dxx</CaseFilePath>
  <CaseFilePath>E:\workDoc\test\SPE41A-LIVE-OIL_xx.dxx</CaseFilePath>
  <CaseFilePath>E:\workDoc\test\SPE41A_xx.dxx</CaseFilePath>
  <CaseFilePath>E:\workDoc\test\spe4fm_xx.dxx</CaseFilePath>
  <CaseFilePath>E:\workDoc\test\spe5c10106ez_xx.dxx</CaseFilePath>
  <CaseFilePath>E:\workDoc\test\spe5c10106XX_xx.dxx</CaseFilePath>
  <CaseFilePath>E:\workDoc\test\SPE6_SIGMAV_xx.dxx</CaseFilePath>
  <CaseFilePath>E:\workDoc\test\SPE7_xx.dxx</CaseFilePath>
  <CaseFilePath>E:\workDoc\test\SPE9_xx.dxx</CaseFilePath>
  <CaseFilePath>E:\workDoc\test\SPE9_E100_xx.dxx</CaseFilePath>
  <CaseFilePath>E:\workDoc\test\TEOSDEN_xx.dxx</CaseFilePath>
  <CaseFilePath>E:\workDoc\test\THERM13F_xx.dxx</CaseFilePath>
  <CaseFilePath>E:\workDoc\test\spe6_sigmav.dxx</CaseFilePath>
  <CaseFilePath>E:\workDoc\test\Spe6wf_sigma.dxx</CaseFilePath>
  <CaseFilePath>E:\test\SPE6_SIGMAV_xx.dxx</CaseFilePath>
  <CaseFilePath>E:\workDoc\test\SPE3_XX0_xx.dxx</CaseFilePath>
  <CaseFilePath>E:\workDoc\test\SPE3_XX1_xx.dxx</CaseFilePath>
  <CaseFilePath>E:\workDoc\test\TEOSDEN.dxx</CaseFilePath>
  <CaseFilePath>E:\workDoc\Eamon\data\dxx-data2018\dxx-data\ECL-format\ENDSCALE_xx.dxx</CaseFilePath>
  <CaseFilePath>E:\workDoc\Eamon\data\dxx-data2018\dxx-data\ECL-format\SPE2_xx.dxx</CaseFilePath>
  <CaseFilePath>E:\workDoc\test\clients\W55-ECLIPSE\w55_2013-12-24__1\W55_20131224_2_xx.dxx</CaseFilePath>
  <CaseFilePath>C:\Users\Administrator\Desktop\Launcher\XXSim\data\Blackoil\Spe1.dxx</CaseFilePath>
  <CaseFilePath>E:\workDoc\test\spe6_shale_oil_xx.dxx</CaseFilePath>
  <CaseFilePath>C:\Users\Administrator\Desktop\Launcher\XXSim\data\ECL-format\ENDSCALE_xx.dxx</CaseFilePath>
  <CaseFilePath>E:\test\SPE6_SHALE_OIL_xx.dxx</CaseFilePath>
  <CaseFilePath>E:\test\SPE6_SHALE_OIL_xx_orig.dxx</CaseFilePath>
  <CaseFilePath>E:\workDoc\test\clients\io\black_oil_demo1_xx.dxx</CaseFilePath>
  <CaseFilePath>F:\client\lusheng\wang68\W68X-new\w68x_xx.dxx</CaseFilePath>
  <CaseFilePath>F:\client\TZZ\TZZ_xx.dxx</CaseFilePath>
  <CaseFilePath>E:\workDoc\test\spe5c20206ecl300_xx.dxx</CaseFilePath>
  <CaseFilePath>H:\cases\Real Case\black_oil_demo1_xx.dxx</CaseFilePath>
  <CaseFilePath>E:\workDoc\test\ENDSCALE_300_xx.dxx</CaseFilePath>
  <CaseFilePath>E:\workDoc\test\SPE1CASE2_xx.dxx</CaseFilePath>
  <CaseFilePath>E:\workDoc\test\SPE3_GEMEOS_XX1_xx.dxx</CaseFilePath>
  <CaseFilePath>E:\workDoc\test\SPE5C20206_L_xx.dxx</CaseFilePath>
  <CaseFilePath>E:\workDoc\test\SPE6_SHALE_OIL_xx.dxx</CaseFilePath>
  <CaseFilePath>E:\workDoc\test\clients\K2_CASE23D_s\K2_CASE23D_L10_E100\K2_CASE23D_L10_E100_xx.dxx</CaseFilePath>
  <CaseFilePath>C:\Users\Administrator\Desktop\temp\Launcher\XXSim\data\Blackoil\Spe6wf_sigma.dxx</CaseFilePath>
  <CaseFilePath>E:\workDoc\Eamon\history\2017-12-12\data2017\ECL-format\SPE6_SIGMAV_xx.dxx</CaseFilePath>
  <CaseFilePath>E:\workDoc\test\GASWATER_xx.dxx</CaseFilePath>
  <CaseFilePath>C:\Users\Administrator\Desktop\temp\Launcher\XXSim\data\Blackoil\endscale.dxx</CaseFilePath>
  <CaseFilePath>C:\Users\Administrator\Desktop\temp\Launcher\XXSim\data\ECL-format\E300\thermal\SPE41A.dxx</CaseFilePath>
  <CaseFilePath>E:\cases\Black Oil Model\SPE9_xx.dxx</CaseFilePath>
</SaveHistoryCase>